page,clicks,impressions,ctr,position,Days Since Published
https://blog.aspose.com/total/aspose-celebrates-five-years-of-business/,12,539,0.022263450834879406,9.458256029684602,6980.0
https://blog.aspose.com/words/save-any-document-from-microsoft-word-2007-to-epub-using-a-free-add-in-from-aspose/,1,27,0.037037037037037035,25.185185185185187,6088.0
https://blog.aspose.com/total/convert-msg-to-mht-pdf-and-more-using-apis/,1,25,0.04,13.48,5742.0
https://blog.aspose.com/words/aspose.words-for-.net-10-9-years-of-product-development/,1,37,0.02702702702702703,6.081081081081081,5469.0
https://blog.aspose.com/words/print-word-documents-with-high-fidelity-using-aspose.words-for-java/,1,59,0.01694915254237288,8.322033898305085,5234.0
https://blog.aspose.com/pdf/identify-corrupted-pdfs-better-pdf-to-image-html-to-pdf-and-capability-to-concatenate-large-pdf-files/,2,117,0.017094017094017096,32.06837606837607,5124.0
https://blog.aspose.com/email/smtp-authentication-using-default-credentials-aspose.email-for-.net/,1,31,0.03225806451612903,36.225806451612904,4649.0
https://blog.aspose.com/total/the-pitfalls-of-microsoft-office-automation-Aspose-white-paper/,1,58,0.017241379310344827,7.4655172413793105,4551.0
https://blog.aspose.com/total/wordpress-export-posts-to-doc-using-aspose.words/,3,103,0.02912621359223301,25.660194174757283,4308.0
https://blog.aspose.com/imaging/rotate-an-image-to-any-angle-using-csharp-or-vb.net/,3,97,0.030927835051546393,23.84536082474227,4291.0
https://blog.aspose.com/tasks/import-and-export-microsoft-project-files/,1,38,0.02631578947368421,6.131578947368421,4262.0
https://blog.aspose.com/total/import-and-export-wordpress-posts-fromto-pdf-and-word-processing-documents-without-losing-format-plugin-for-wordpress/,2,118,0.01694915254237288,22.23728813559322,4256.0
https://blog.aspose.com/total/aspose.words-for-java-comparison-for-features-and-usage-with-docx4j/,1,43,0.023255813953488372,13.930232558139535,4193.0
https://blog.aspose.com/pdf/insert-page-break-in-existing-pdf-setting-user-agent-string-support-of-stream-parameter-in-pdf-to-html-conversion-with-aspose.pdf-for-.net-10.0.0/,1,31,0.03225806451612903,8.032258064516128,4101.0
https://blog.aspose.com/cells/calculate-the-width-and-height-of-the-cell-value-and-get-an-array-of-values-from-icustomfunction-using-aspose.cells-for-.net-8.5.1/,2,53,0.03773584905660377,13.622641509433961,3923.0
https://blog.aspose.com/pdf/pdf-to-pdfa-3a-conversion-create-pdfa3-and-attach-xml-remove-or-manipulate-tables-in-existing-pdf-file-with-aspose.pdf-for-java-10.6.0/,1,55,0.01818181818181818,47.09090909090909,3895.0
https://blog.aspose.com/pdf/jrxml-to-pdfa-doc-docx-xps-html-svg-mobixml-excel-epub-and-different-pdf-versions-using-aspose.pdf-for-jasperreports-1.5.0/,7,335,0.020895522388059702,9.829850746268656,3841.0
https://blog.aspose.com/cells/generate-dynamic-questionnaire-and-surveys-save-user-input-into-excel-spreahsheet-and-export-the-results-into-excel-text-csv-and-opendocument-spreadsheet/,1,30,0.03333333333333333,14.066666666666666,3695.0
https://blog.aspose.com/slides/code-comparisons-aspose.slides-java-and-pptx4j-examples/,1,30,0.03333333333333333,7.2,3671.0
https://blog.aspose.com/diagram/load-and-save-macro-enabled-visio-files-modify-vba-project-code-and-manipulate-the-embedded-ole-objects-in-visio-diagram-using-aspose.diagram-for-.net-6.6.0/,1,75,0.013333333333333334,10.573333333333334,3564.0
https://blog.aspose.com/cells/support-for-activex-controls-filter-data-type-while-loading-spreadsheets-customize-calculation-engine-with-aspose.cells-for-android-8.9.0/,1,54,0.018518518518518517,16.833333333333336,3555.0
https://blog.aspose.com/3d/import-and-export-gltf-files-convert-3d-scene-to-real-file-system-csharp-asp.net/,1,41,0.024390243902439025,7.414634146341464,3453.0
https://blog.aspose.com/diagram/modify-the-gradient-fill-of-visio-shape-and-enhanced-export-of-visio-drawings-using-aspose.diagram-for-.net-16.12.0/,1,33,0.030303030303030304,27.363636363636363,3405.0
https://blog.aspose.com/slides/compare-powerpoint-slides-csharp/,1,29,0.034482758620689655,27.79310344827586,3334.0
https://blog.aspose.com/barcode/get-minimum-required-hight-and-width-for-a-barcode-image/,1,48,0.020833333333333332,50.770833333333336,3170.0
https://blog.aspose.com/3d/render-scene-into-the-cubemap-create-panorama-view-and-fisheye-lens-effect-with-aspose.3d-for-.net-17.8/,1,30,0.03333333333333333,8.4,3167.0
https://blog.aspose.com/imaging/convert-rgb-color-system-to-cmyk-tiff-using-csharp-or-vb.net/,1,39,0.02564102564102564,14.743589743589743,3037.0
https://blog.aspose.com/pdf/create-named-destination-in-pdf-documents-using-java-pdf-library/,1,85,0.011764705882352941,7.376470588235295,2951.0
https://blog.aspose.com/cells/refresh-children-pivot-tables-of-parent-pivot-table-group-pivot-fields-in-the-pivot-table-and-set-margins-of-comment-or-shape/,1,61,0.01639344262295082,12.37704918032787,2942.0
https://blog.aspose.com/words/aspose.words-for-java-18.5-released/,1,31,0.03225806451612903,11.03225806451613,2897.0
https://blog.aspose.com/cells/export-excel-cells-to-datatable-using-csharp-or-vb.net/,2,76,0.02631578947368421,31.342105263157894,2788.0
https://blog.aspose.com/words/insert-horizontal-rule-and-remove-empty-paragraphs-in-word-using-java/,1,45,0.022222222222222223,15.422222222222222,2738.0
https://blog.aspose.com/cells/detect-circular-references-for-formulas-and-update-smart-art-text-using-aspose.cells-for-.net-v18.11/,1,43,0.023255813953488372,10.023255813953488,2694.0
https://blog.aspose.com/note/process-onenote-file-in-parallel-threads-with-aspose.note-19.3/,1,88,0.011363636363636364,9.056818181818182,2544.0
https://blog.aspose.com/psd/adobe-illustrator-file-format-support-in-aspose.psd/,2,54,0.037037037037037035,4.185185185185185,2432.0
https://blog.aspose.com/words/work-with-markdown-md-files-in-cpp/,1,37,0.02702702702702703,13.45945945945946,2431.0
https://blog.aspose.com/words/create-and-modify-vba-macros-in-word-doc-docx-using-csharp-word-library/,1,64,0.015625,21.296875,2407.0
https://blog.aspose.com/total/convert-worddoc-docx-to-byte-array/,4,240,0.016666666666666666,10.204166666666667,2327.0
https://blog.aspose.com/slides/create-format-sunburst-or-treemap-charts-in-powerpoint-in-java/,1,35,0.02857142857142857,10.342857142857143,2308.0
https://blog.aspose.com/pdf/convert-pdf-to-excel-in-csharp-net-pdf-to-xls-pdf-to-xlsx/,7,448,0.015625,15.100446428571429,2302.0
https://blog.aspose.com/cells/create-pivot-tables-in-excel-sort-hide-pivot-table-data-programmatically/,2,199,0.010050251256281407,43.36180904522613,2295.0
https://blog.aspose.com/words/generate-word-documents-from-templates-dynamically-using-java/,10,869,0.011507479861910242,23.834292289988493,2291.0
https://blog.aspose.com/pdf/convert-pdf-to-word-doc-docx-in-java/,2,140,0.014285714285714285,38.02142857142857,2288.0
https://blog.aspose.com/email/create-send-outlook-email-eml-msg-csharp-net-core/,8,409,0.019559902200488997,27.04156479217604,2282.0
https://blog.aspose.com/words/find-and-replace-text-in-word-documents-in-csharp-net/,2,80,0.025,20.5375,2281.0
https://blog.aspose.com/pdf/convert-html-to-pdf-in-java/,2,59,0.03389830508474576,42.59322033898305,2275.0
https://blog.aspose.com/cells/view-excel-files-in-asp-net-mvc-csharp-excel-viewer/,7,518,0.013513513513513514,30.654440154440156,2274.0
https://blog.aspose.com/slides/convert-powerpoint-ppt-pptx-to-pdf-in-csharp-net/,1,38,0.02631578947368421,63.44736842105263,2262.0
https://blog.aspose.com/svg/create-edit-read-and-convert-svg-files-using-c-aspose.svg-for-.net/,1,30,0.03333333333333333,16.3,2261.0
https://blog.aspose.com/cells/find-and-replace-text-in-excel-xls-xlsx-in-csharp-net/,2,101,0.019801980198019802,23.00990099009901,2259.0
https://blog.aspose.com/slides/asp-net-core-powerpoint-viewer-display-ppt-pptx-presentations/,4,106,0.03773584905660377,38.339622641509436,2251.0
https://blog.aspose.com/words/generate-word-documents-from-templates-in-csharp-net/,6,554,0.010830324909747292,27.28880866425993,2240.0
https://blog.aspose.com/pdf/acroforms-vs-xfa-forms-convert-xfa-to-acroforms-in-pdf/,1,49,0.02040816326530612,21.040816326530614,2214.0
https://blog.aspose.com/imaging/convert-dicom-to-jpeg-gif-png-bmp-images-in-csharp-net/,3,210,0.014285714285714285,11.90952380952381,2213.0
https://blog.aspose.com/zip/extract-zip-archives-in-csharp/,1,55,0.01818181818181818,20.509090909090908,2191.0
https://blog.aspose.com/finance/create-xbrl-instances-and-parse-and-validate-xbrl-and-ixbrl-files-in-csharp-asp.net/,1,46,0.021739130434782608,7.391304347826087,2185.0
https://blog.aspose.com/tasks/create-ms-project-files-programmatically-add-tasks-and-resources-in-csharp-asp.net/,4,180,0.022222222222222223,14.222222222222221,2179.0
https://blog.aspose.com/zip/create-7zip-archives-programmatically-using-csharp-asp.net/,9,656,0.013719512195121951,10.914634146341463,2178.0
https://blog.aspose.com/cells/create-ms-excel-spreadsheets-xls-xlsx-in-cpp-without-ms-office/,8,414,0.01932367149758454,25.23671497584541,2169.0
https://blog.aspose.com/imaging/generate-html5-canvas-programmatically-using-csharp-vb.net/,1,88,0.011363636363636364,18.556818181818183,2152.0
https://blog.aspose.com/imaging/convert-gif-images-to-tiff-pdf-png-jpg-or-bmp-using-csharp/,2,94,0.02127659574468085,8.308510638297872,2143.0
https://blog.aspose.com/ocr/convert-image-to-text-using-cpp-ocr-library/,1,44,0.022727272727272728,22.477272727272727,2130.0
https://blog.aspose.com/pdf/convert-pdf-to-excel-xls-xlsx-using-java/,1,68,0.014705882352941176,32.85294117647059,2129.0
https://blog.aspose.com/words/watermark-in-word-document-csharp/,1,82,0.012195121951219513,12.536585365853659,2126.0
https://blog.aspose.com/drawing/draw-graphics-and-create-2d-drawings-using-csharp-or-vb.net/,8,347,0.023054755043227664,28.570605187319885,2123.0
https://blog.aspose.com/words/compare-two-word-documents-using-csharp-in-asp.net-core/,1,51,0.0196078431372549,38.92156862745098,2117.0
https://blog.aspose.com/words/merge-ms-word-documents-using-csharp-asp.net-core/,3,206,0.014563106796116505,57.16019417475728,2116.0
https://blog.aspose.com/words/mail-merge-in-word-documents-using-csharp-or-vb.net/,1,93,0.010752688172043012,35.8494623655914,2109.0
https://blog.aspose.com/pdf/images-to-pdf-csharp/,1,26,0.038461538461538464,59.69230769230769,2097.0
https://blog.aspose.com/ocr/convert-image-to-text-using-java-ocr-api/,1,65,0.015384615384615385,35.41538461538462,2095.0
https://blog.aspose.com/pdf/convert-base64-string-to-pdf-jpg-png-image-with-java/,16,1381,0.011585807385952208,16.386676321506155,2094.0
https://blog.aspose.com/cells/convert-excel-to-pdf-using-java/,10,564,0.01773049645390071,27.365248226950353,2080.0
https://blog.aspose.com/words/create-ms-word-documents-using-cpp/,5,227,0.022026431718061675,19.722466960352424,2067.0
https://blog.aspose.com/omr/create-omr-question-answer-sheet-csharp/,4,113,0.035398230088495575,15.778761061946902,2067.0
https://blog.aspose.com/tasks/create-ms-project-mpp-xml-files-using-cpp/,1,69,0.014492753623188406,7.159420289855072,2053.0
https://blog.aspose.com/cells/convert-csv-excel-java/,2,59,0.03389830508474576,42.779661016949156,2051.0
https://blog.aspose.com/cells/add-remove-autofilter-in-excel-file-csharp/,6,328,0.018292682926829267,18.08231707317073,2045.0
https://blog.aspose.com/words/insert-table-in-word-documents-programmatically-using-cpp/,1,50,0.02,10.46,2041.0
https://blog.aspose.com/pdf/convert-pdf-text-csharp-vb.net/,3,109,0.027522935779816515,15.908256880733944,2033.0
https://blog.aspose.com/cells/convert-excel-xls-xlsx-to-html-csharp/,1,59,0.01694915254237288,40.220338983050844,2024.0
https://blog.aspose.com/pdf/compress-optimize-reduce-pdf-file-size-with-same-quality-java/,3,220,0.013636363636363636,39.66818181818182,2017.0
https://blog.aspose.com/pdf/rotate-pdf-text-image-page-with-csharp-vb-net/,1,32,0.03125,14.5,2013.0
https://blog.aspose.com/barcode/generate-barcodes-using-csharp/,6,324,0.018518518518518517,31.51851851851852,2012.0
https://blog.aspose.com/font/render-text-with-truetype-and-type1-fonts-using-java/,1,25,0.04,14.28,2003.0
https://blog.aspose.com/page/convert-xps-to-jpg-png-image-csharp-vb-net/,1,42,0.023809523809523808,19.833333333333332,1998.0
https://blog.aspose.com/cells/csv-excel-csharp-vb-net/,1,73,0.0136986301369863,24.931506849315067,1983.0
https://blog.aspose.com/email/read-emails-from-exchange-server-using-csharp/,6,180,0.03333333333333333,35.68888888888889,1980.0
https://blog.aspose.com/pdf/pdf-to-png-using-csharp/,3,144,0.020833333333333332,25.53472222222222,1975.0
https://blog.aspose.com/imaging/compress-png-jpeg-and-tiff-images-using-csharp/,11,498,0.02208835341365462,11.899598393574298,1973.0
https://blog.aspose.com/pdf/extract-text-from-pdf-using-java/,2,139,0.014388489208633094,71.20143884892086,1963.0
https://blog.aspose.com/cells/find-and-replace-text-in-spreadsheets-using-java/,2,105,0.01904761904761905,13.057142857142857,1962.0
https://blog.aspose.com/drawing/using-system-drawing-in-linux/,8,713,0.011220196353436185,13.162692847124825,1957.0
https://blog.aspose.com/html/convert-html-to-plain-text-or-extract-text-from-html-in-c/,10,566,0.0176678445229682,14.763250883392226,1955.0
https://blog.aspose.com/html/split-html-webpage-into-multiple-files-csharp/,1,68,0.014705882352941176,25.308823529411764,1948.0
https://blog.aspose.com/cells/export-data-from-excel-to-datatables-in-csharp/,6,279,0.021505376344086023,29.189964157706093,1938.0
https://blog.aspose.com/total/evaluation-limitations-aspose-apis/,12,736,0.016304347826086956,7.783967391304348,1937.0
https://blog.aspose.com/tasks/create-ms-project-files-programmatically-using-java/,3,93,0.03225806451612903,15.172043010752688,1933.0
https://blog.aspose.com/email/convert-emails-to-pdf-using-csharp/,2,60,0.03333333333333333,40.11666666666667,1932.0
https://blog.aspose.com/words/Find-and-Replace-Text-in-Word-Documents-using-CPP/,1,39,0.02564102564102564,12.23076923076923,1927.0
https://blog.aspose.com/cells/encrypt-and-decrypt-excel-files-using-csharp/,2,94,0.02127659574468085,27.47872340425532,1925.0
https://blog.aspose.com/page/convert-oxps-xps-pdf-java/,1,51,0.0196078431372549,24.07843137254902,1899.0
https://blog.aspose.com/svg/inspect-extract-navigate-svg-csharp/,1,88,0.011363636363636364,22.352272727272727,1889.0
https://blog.aspose.com/email/connect-to-smtp-servers-using-csharp/,4,332,0.012048192771084338,47.94578313253012,1885.0
https://blog.aspose.com/gis/convert-geojson-topojson-csharp/,3,153,0.0196078431372549,8.555555555555555,1878.0
https://blog.aspose.com/cells/convert-excel-xlsx-xls-to-pdf-in-node-js/,8,522,0.01532567049808429,32.67624521072797,1875.0
https://blog.aspose.com/email/connect-to-imap-servers-in-csharp/,7,339,0.02064896755162242,27.86135693215339,1868.0
https://blog.aspose.com/cells/convert-excel-to-csv-in-python/,3,185,0.016216216216216217,36.71891891891892,1848.0
https://blog.aspose.com/email/read-email-messages-programmatically-using-java/,5,259,0.019305019305019305,19.212355212355213,1837.0
https://blog.aspose.com/zip/unrar-extract-rar-extractor-opener-in-csharp-asp.net/,11,512,0.021484375,10.154296875,1834.0
https://blog.aspose.com/cells/create-charts-in-excel-spreadsheets-using-cpp/,4,151,0.026490066225165563,10.556291390728477,1833.0
https://blog.aspose.com/cells/convert-excel-files-to-pdf-in-android/,1,64,0.015625,23.125,1828.0
https://blog.aspose.com/cells/split-text-to-columns-in-excel-using-csharp/,1,69,0.014492753623188406,13.53623188405797,1825.0
https://blog.aspose.com/zip/open-extract-7zip-7z-file-unzip-in-csharp-asp-net/,12,760,0.015789473684210527,18.055263157894736,1821.0
https://blog.aspose.com/email/connect-to-smtp-servers-using-java/,7,663,0.010558069381598794,50.52337858220211,1815.0
https://blog.aspose.com/cells/convert-excel-files-to-pdf-in-php/,4,132,0.030303030303030304,23.265151515151516,1808.0
https://blog.aspose.com/words/add-or-remove-header-and-footer-in-word-documents-using-cpp/,1,30,0.03333333333333333,10.566666666666666,1802.0
https://blog.aspose.com/cells/add-or-remove-autofilter-in-excel-files-using-cpp/,1,27,0.037037037037037035,14.88888888888889,1800.0
https://blog.aspose.com/email/convert-emails-to-html-in-python/,2,146,0.0136986301369863,14.965753424657533,1795.0
https://blog.aspose.com/cells/split-text-into-columns-in-excel-files-using-cpp/,1,49,0.02040816326530612,16.142857142857142,1795.0
https://blog.aspose.com/cells/convert-excel-to-html-in-php/,1,93,0.010752688172043012,16.27956989247312,1794.0
https://blog.aspose.com/cells/add-watermark-to-excel-worksheets-using-java/,2,125,0.016,20.024,1781.0
https://blog.aspose.com/cells/add-modify-vba-macros-in-excel-using-java/,9,803,0.0112079701120797,9.745952677459528,1780.0
https://blog.aspose.com/cells/create-excel-files-from-scratch-using-php/,8,530,0.01509433962264151,23.80188679245283,1777.0
https://blog.aspose.com/cells/copy-rows-and-columns-in-excel-using-java/,3,206,0.014563106796116505,12.932038834951456,1773.0
https://blog.aspose.com/pdf/create-fill-or-edit-fillable-pdf-forms-with-cpp/,7,198,0.03535353535353535,25.7020202020202,1770.0
https://blog.aspose.com/cells/create-excel-file-in-android-programmatically/,6,464,0.01293103448275862,21.06896551724138,1770.0
https://blog.aspose.com/cells/create-charts-in-excel-using-java/,10,335,0.029850746268656716,15.226865671641791,1765.0
https://blog.aspose.com/cells/split-text-to-column-in-excel-using-python/,11,826,0.013317191283292978,20.688861985472155,1764.0
https://blog.aspose.com/pdf/convert-latex-to-word-using-java/,1,45,0.022222222222222223,7.222222222222222,1760.0
https://blog.aspose.com/pdf/convert-xml-to-pdf-using-java/,1,85,0.011764705882352941,42.48235294117647,1758.0
https://blog.aspose.com/words/add-or-update-toc-in-word-using-java/,1,39,0.02564102564102564,9.846153846153847,1756.0
https://blog.aspose.com/email/connect-to-an-imap-server-using-java/,1,36,0.027777777777777776,20.97222222222222,1750.0
https://blog.aspose.com/cells/copy-worksheets-in-excel-files-using-java/,4,100,0.04,10.78,1750.0
https://blog.aspose.com/tasks/convert-mpp-to-excel-xlsx-csv-csharp/,1,30,0.03333333333333333,13.533333333333333,1735.0
https://blog.aspose.com/3d/convert-dxf-to-fbx-or-gltf-glb-file-programmatically-in-csharp/,2,76,0.02631578947368421,9.986842105263158,1730.0
https://blog.aspose.com/note/convert-onenote-one-files-to-jpeg-png-tiff-image-csharp/,1,27,0.037037037037037035,12.37037037037037,1722.0
https://blog.aspose.com/omr/create-omr-sheet-checker-or-scanner-with-java/,1,50,0.02,9.84,1722.0
https://blog.aspose.com/cells/convert-json-to-csv-using-java/,2,55,0.03636363636363636,22.327272727272728,1722.0
https://blog.aspose.com/gis/read-features-from-open-street-map-osm-files-using-csharp/,8,208,0.038461538461538464,22.89423076923077,1704.0
https://blog.aspose.com/tasks/convert-xml-to-mpp-or-mpp-to-xml-programmatically-using-csharp/,2,136,0.014705882352941176,5.088235294117647,1702.0
https://blog.aspose.com/slides/convert-powerpoint-to-png-in-csharp/,2,65,0.03076923076923077,7.138461538461539,1695.0
https://blog.aspose.com/note/convert-onenote-file-.one-to-word-document-docx-or-doc/,3,83,0.03614457831325301,24.397590361445783,1695.0
https://blog.aspose.com/slides/create-edit-powerpoint-files-in-asp-net/,3,78,0.038461538461538464,20.012820512820515,1687.0
https://blog.aspose.com/slides/create-smartart-in-powerpoint-using-csharp/,2,128,0.015625,12.0625,1674.0
https://blog.aspose.com/cells/how-to-read-excel-files-in-csharp/,25,2169,0.011526048870447211,30.426924850161363,1656.0
https://blog.aspose.com/cells/encrypt-or-decrypt-excel-files-in-node-js/,5,163,0.03067484662576687,11.56441717791411,1652.0
https://blog.aspose.com/cells/export-excel-to-stream-csharp/,13,763,0.01703800786369594,10.861074705111402,1648.0
https://blog.aspose.com/words/convert-pdf-to-word-in-python/,1,40,0.025,10.475,1637.0
https://blog.aspose.com/words/convert-word-to-html-in-python/,3,103,0.02912621359223301,19.436893203883496,1634.0
https://blog.aspose.com/gis/render-map-to-bmp-format-using-csharp/,1,33,0.030303030303030304,12.818181818181818,1631.0
https://blog.aspose.com/html/convert-html-to-pdf-linux-csharp/,7,217,0.03225806451612903,34.77880184331797,1624.0
https://blog.aspose.com/gis/convert-json-to-geojson-using-csharp/,2,80,0.025,14.1625,1622.0
https://blog.aspose.com/3d/convert-obj-to-pdf-fbx-csharp/,2,55,0.03636363636363636,12.10909090909091,1619.0
https://blog.aspose.com/gis/convert-kml-to-geojson-and-geojson-to-kml-using-csharp/,2,88,0.022727272727272728,11.920454545454545,1617.0
https://blog.aspose.com/imaging/flip-images-in-java/,8,558,0.014336917562724014,13.88888888888889,1614.0
https://blog.aspose.com/words/work-with-vba-macro-in-word-using-python/,10,896,0.011160714285714286,9.791294642857142,1612.0
https://blog.aspose.com/words/convert-html-to-word-in-python/,1,46,0.021739130434782608,13.869565217391305,1609.0
https://blog.aspose.com/tex/convert-latex-to-png-or-jpg-image-in-java/,1,97,0.010309278350515464,8.577319587628866,1607.0
https://blog.aspose.com/words/convert-html-to-word-in-java/,2,179,0.0111731843575419,10.446927374301676,1606.0
https://blog.aspose.com/slides/convert-ppt-to-jpg-in-python/,1,74,0.013513513513513514,11.135135135135135,1602.0
https://blog.aspose.com/cells/disable-excel-compatibility-checker-in-python/,1,41,0.024390243902439025,15.829268292682928,1597.0
https://blog.aspose.com/slides/convert-ppt-to-html-in-python/,2,200,0.01,5.005,1589.0
https://blog.aspose.com/imaging/resize-images-in-csharp/,30,1785,0.01680672268907563,19.05546218487395,1585.0
https://blog.aspose.com/imaging/resize-images-in-csharp/#Reszie-Raster-Images,1,46,0.021739130434782608,9.021739130434783,1585.0
https://blog.aspose.com/imaging/flip-images-in-csharp/,8,411,0.019464720194647202,10.659367396593675,1584.0
https://blog.aspose.com/slides/split-ppt-slides-in-python/,7,214,0.03271028037383177,11.19158878504673,1582.0
https://blog.aspose.com/ocr/image-to-excel-ocr-java/,1,48,0.020833333333333332,7.395833333333333,1579.0
https://blog.aspose.com/cad/dwg-to-dxf-csharp/,2,81,0.024691358024691357,13.222222222222221,1578.0
https://blog.aspose.com/tex/convert-latex-to-png-jpg-csharp/,2,58,0.034482758620689655,7.275862068965517,1577.0
https://blog.aspose.com/slides/convert-pptx-ppt-to-pdf-python/,5,288,0.017361111111111112,9.340277777777779,1577.0
https://blog.aspose.com/slides/create-powerpoint-presentations-in-python/,25,1720,0.014534883720930232,12.87093023255814,1574.0
https://blog.aspose.com/zip/create-tar-gz-xz-files-in-csharp/,11,470,0.023404255319148935,11.095744680851064,1569.0
https://blog.aspose.com/zip/merge-zip-and-tar-files-in-csharp/,4,386,0.010362694300518135,23.240932642487046,1568.0
https://blog.aspose.com/zip/create-self-extracting-archive-in-csharp/,4,237,0.016877637130801686,28.135021097046412,1564.0
https://blog.aspose.com/zip/extract-nested-zip-archives-in-csharp-net/,8,467,0.017130620985010708,12.963597430406852,1562.0
https://blog.aspose.com/slides/extract-images-from-ppt-in-csharp-net/,2,162,0.012345679012345678,38.635802469135804,1561.0
https://blog.aspose.com/ocr/scanned-pdf-to-searchable-ocr-csharp/,1,37,0.02702702702702703,60.810810810810814,1561.0
https://blog.aspose.com/3d/convert-usdz-obj-java/,3,158,0.0189873417721519,19.99367088607595,1557.0
https://blog.aspose.com/email/read-outlook-msg-emails-in-csharp/,6,417,0.014388489208633094,23.899280575539567,1556.0
https://blog.aspose.com/diagram/create-flowchart-csharp/,4,249,0.01606425702811245,16.248995983935743,1554.0
https://blog.aspose.com/slides/convert-ppt-to-animated-gif-in-csharp/,2,100,0.02,27.68,1550.0
https://blog.aspose.com/slides/create-thumbnails-for-ppt-in-python/,3,176,0.017045454545454544,7.892045454545454,1546.0
https://blog.aspose.com/slides/convert-powerpoint-ppt-slides-to-svg-in-python/,2,187,0.0106951871657754,11.20855614973262,1542.0
https://blog.aspose.com/cad/convert-dwg-to-emf-wmf-csharp/,1,26,0.038461538461538464,6.923076923076923,1526.0
https://blog.aspose.com/diagram/convert-vsd-vsdx-to-vdx-java/,1,32,0.03125,18.15625,1518.0
https://blog.aspose.com/omr/create-survey-form-from-json-markup-using-csharp/,1,26,0.038461538461538464,14.961538461538462,1517.0
https://blog.aspose.com/email/move-emails-to-folders-in-ms-exchange-server-csharp/,3,95,0.031578947368421054,9.25263157894737,1515.0
https://blog.aspose.com/email/read-ms-outlook-pst-files-in-java/,1,64,0.015625,17.328125,1514.0
https://blog.aspose.com/barcode/royal-mail-qr-code-in-csharp/,5,235,0.02127659574468085,17.31063829787234,1512.0
https://blog.aspose.com/total/read-emails-from-shared-mailbox-on-exchange-server-in-csharp/,3,140,0.02142857142857143,28.285714285714285,1510.0
https://blog.aspose.com/email/create-exchange-distribution-list-in-csharp/,1,68,0.014705882352941176,12.25,1509.0
https://blog.aspose.com/tex/render-latex-equations-and-math-formulas-using-csharp/,14,1252,0.011182108626198083,10.587859424920127,1507.0
https://blog.aspose.com/cells/convert-excel-to-google-sheets-in-csharp/,7,349,0.02005730659025788,15.638968481375358,1505.0
https://blog.aspose.com/cad/convert-dwg-to-fbx-csharp/,2,75,0.02666666666666667,13.866666666666667,1501.0
https://blog.aspose.com/finance/convert-xbrl-to-pdf-using-csharp/,2,81,0.024691358024691357,17.419753086419753,1495.0
https://blog.aspose.com/email/read-ms-outlook-pst-files-in-csharp-net/,5,238,0.02100840336134454,8.684873949579831,1490.0
https://blog.aspose.com/email/work-with-conversations-in-ms-exchange-server-in-csharp/,1,49,0.02040816326530612,39.265306122448976,1484.0
https://blog.aspose.com/email/manage-members-in-exchange-distribution-list-in-csharp/,2,90,0.022222222222222223,15.088888888888889,1477.0
https://blog.aspose.com/finance/add-objects-to-xbrl-documents-using-csharp/,1,25,0.04,16.2,1470.0
https://blog.aspose.com/pdf/generate-thumbnails-for-pdf-files-in-java/,1,95,0.010526315789473684,15.052631578947368,1469.0
https://blog.aspose.com/note/convert-onenote-document-to-html-webpage-using-csharp/,2,86,0.023255813953488372,27.41860465116279,1468.0
https://blog.aspose.com/email/create-ms-outlook-distribution-lists-in-python/,2,153,0.013071895424836602,12.5359477124183,1466.0
https://blog.aspose.com/html/convert-mht-mhtml-to-word-docx-csharp/,2,61,0.03278688524590164,9.327868852459016,1465.0
https://blog.aspose.com/email/write-and-read-messages-on-thunderbird-storage-in-python/,3,277,0.010830324909747292,10.610108303249097,1465.0
https://blog.aspose.com/cad/convert-cf2-to-dxf-in-csharp/,1,42,0.023809523809523808,3.4285714285714284,1465.0
https://blog.aspose.com/barcode/generate-barcode-with-logo-using-csharp/,2,98,0.02040816326530612,12.63265306122449,1461.0
https://blog.aspose.com/psd/gaussian-blur-filter-csharp/,3,126,0.023809523809523808,18.126984126984127,1460.0
https://blog.aspose.com/pdf/add-or-remove-javascript-in-pdf-in-java/,5,216,0.023148148148148147,13.773148148148149,1458.0
https://blog.aspose.com/email/parse-outlook-pst-files-in-python/,34,3351,0.01014622500746046,7.863025962399284,1457.0
https://blog.aspose.com/font/detect-latin-symbols-support-in-truetype-or-type1-fonts-using-csharp/,2,55,0.03636363636363636,11.254545454545454,1457.0
https://blog.aspose.com/email/create-ms-outlook-tasks-in-python/,1,26,0.038461538461538464,10.423076923076923,1456.0
https://blog.aspose.com/cad/convert-dwf-dwfx-obj-java/,3,126,0.023809523809523808,6.119047619047619,1455.0
https://blog.aspose.com/ocr/convert-image-to-xml-java/,2,76,0.02631578947368421,22.36842105263158,1453.0
https://blog.aspose.com/gis/read-gpx-files-using-csharp/,8,309,0.025889967637540454,10.375404530744337,1448.0
https://blog.aspose.com/html/save-webpage-url-pdf-java/,2,69,0.028985507246376812,20.82608695652174,1445.0
https://blog.aspose.com/email/create-update-or-delete-google-calendar-in-java/,2,88,0.022727272727272728,22.09090909090909,1444.0
https://blog.aspose.com/page/merge-combine-xps-csharp/,1,53,0.018867924528301886,20.245283018867923,1444.0
https://blog.aspose.com/tasks/convert-mpp-to-excel-using-java/,1,94,0.010638297872340425,55.340425531914896,1444.0
https://blog.aspose.com/cells/send-excel-data-in-email-body-using-csharp-net/,3,91,0.03296703296703297,10.516483516483516,1443.0
https://blog.aspose.com/email/convert-oft-to-html-in-csharp-net/,2,56,0.03571428571428571,12.232142857142858,1442.0
https://blog.aspose.com/pdf/generate-thumbnails-for-pdf-files-in-csharp/,6,410,0.014634146341463415,14.37560975609756,1438.0
https://blog.aspose.com/pdf/create-table-in-pdf-files-in-csharp-net/,1,43,0.023255813953488372,11.604651162790697,1435.0
https://blog.aspose.com/pdf/add-data-from-database-to-pdf-in-csharp-net/,1,76,0.013157894736842105,14.0,1434.0
https://blog.aspose.com/drawing/use-system-drawing-blazor-webassembly-app-csharp/,16,531,0.030131826741996232,16.335216572504706,1433.0
https://blog.aspose.com/pdf/create-graphs-and-charts-in-pdf-in-java/,1,42,0.023809523809523808,20.571428571428573,1430.0
https://blog.aspose.com/cells/generate-barcode-in-excel-using-csharp/,1,89,0.011235955056179775,4.202247191011236,1428.0
https://blog.aspose.com/cad/convert-dwf-dwfx-to-obj-csharp/,1,74,0.013513513513513514,6.945945945945946,1425.0
https://blog.aspose.com/ocr/convert-jpg-png-image-to-json-csharp/,2,97,0.020618556701030927,37.865979381443296,1424.0
https://blog.aspose.com/words/convert-word-doc-to-image-in-csharp-net/,1,49,0.02040816326530612,45.53061224489796,1421.0
https://blog.aspose.com/barcode/read-barcode-from-image-using-java/,1,78,0.01282051282051282,36.794871794871796,1419.0
https://blog.aspose.com/html/download-image-from-url-csharp/,9,714,0.012605042016806723,11.806722689075631,1419.0
https://blog.aspose.com/html/print-save-webpage-pdf-csharp/,1,60,0.016666666666666666,23.283333333333335,1414.0
https://blog.aspose.com/cells/convert-csv-to-txt-in-python/,2,118,0.01694915254237288,22.93220338983051,1414.0
https://blog.aspose.com/cells/convert-txt-to-json-in-python/,4,177,0.022598870056497175,25.717514124293785,1413.0
https://blog.aspose.com/barcode/generate-swiss-qr-code-using-java/,1,45,0.022222222222222223,10.4,1413.0
https://blog.aspose.com/words/convert-text-to-image-in-python/,2,128,0.015625,44.09375,1410.0
https://blog.aspose.com/cells/convert-xls-to-xlsx-in-python/,2,161,0.012422360248447204,28.987577639751553,1409.0
https://blog.aspose.com/cells/convert-txt-to-csv-in-java/,1,33,0.030303030303030304,31.181818181818183,1408.0
https://blog.aspose.com/cells/convert-html-to-json-using-csharp/,1,76,0.013157894736842105,7.026315789473684,1407.0
https://blog.aspose.com/cells/convert-xml-to-excel-using-csharp/,9,468,0.019230769230769232,15.681623931623932,1406.0
https://blog.aspose.com/3d/convert-usdz-to-glb-java/,1,29,0.034482758620689655,19.724137931034484,1404.0
https://blog.aspose.com/words/convert-html-to-image-in-python/,4,397,0.010075566750629723,36.13350125944584,1403.0
https://blog.aspose.com/words/convert-markdown-to-pdf-in-python/,13,375,0.034666666666666665,11.672,1402.0
https://blog.aspose.com/words/convert-pdf-to-markdown-in-python/,2,111,0.018018018018018018,14.018018018018019,1402.0
https://blog.aspose.com/cells/convert-json-to-gif-in-csharp/,2,83,0.024096385542168676,20.686746987951807,1401.0
https://blog.aspose.com/words/convert-png-to-svg-in-python/,4,286,0.013986013986013986,11.671328671328672,1401.0
https://blog.aspose.com/omr/csharp-optical-mark-recognition-omr-software-in-net/,5,264,0.01893939393939394,25.03030303030303,1392.0
https://blog.aspose.com/cad/convert-svg-to-obj-in-csharp/,4,178,0.02247191011235955,8.876404494382022,1386.0
https://blog.aspose.com/gis/create-and-read-shapefile-in-csharp/,16,609,0.026272577996715927,11.077175697865353,1386.0
https://blog.aspose.com/words/merge-ms-word-documents-using-csharp/,2,160,0.0125,38.975,1378.0
https://blog.aspose.com/cad/convert-obj-dxf-java/,2,61,0.03278688524590164,15.540983606557377,1377.0
https://blog.aspose.com/3d/usdz-to-glb-csharp/,2,67,0.029850746268656716,11.074626865671641,1374.0
https://blog.aspose.com/drawing/draw-rectangle-csharp/,31,2804,0.011055634807417974,10.829529243937232,1371.0
https://blog.aspose.com/words/extract-text-from-word-in-java/,1,60,0.016666666666666666,27.25,1371.0
https://blog.aspose.com/finance/create-xbrl-file-using-python/,4,241,0.016597510373443983,16.49377593360996,1367.0
https://blog.aspose.com/cells/convert-xlsx-to-csv-in-java/,2,66,0.030303030303030304,28.90909090909091,1367.0
https://blog.aspose.com/3d/convert-png-image-to-lithophane-csharp/,1,46,0.021739130434782608,9.478260869565217,1367.0
https://blog.aspose.com/words/convert-text-to-html-in-python/,2,99,0.020202020202020204,23.838383838383837,1367.0
https://blog.aspose.com/email/group-messages-by-conversation-threads-in-charp/,1,79,0.012658227848101266,8.873417721518987,1364.0
https://blog.aspose.com/3d/convert-usd-usdz-to-3ds-java/,1,26,0.038461538461538464,14.884615384615385,1363.0
https://blog.aspose.com/3d/create-3d-scene-using-csharp/,8,328,0.024390243902439025,10.625,1360.0
https://blog.aspose.com/cells/convert-excel-to-json-in-csharp/,2,181,0.011049723756906077,47.41436464088398,1360.0
https://blog.aspose.com/diagram/create-org-chart-csharp/,11,656,0.01676829268292683,9.586890243902438,1360.0
https://blog.aspose.com/html/create-read-edit-html-files-in-csharp/,13,902,0.014412416851441241,10.78381374722838,1358.0
https://blog.aspose.com/barcode/generate-qr-code-in-java/,4,127,0.031496062992125984,39.968503937007874,1354.0
https://blog.aspose.com/psd/add-new-layer-in-psd-using-csharp/,1,35,0.02857142857142857,5.3428571428571425,1351.0
https://blog.aspose.com/barcode/generate-data-matrix-code-in-java/,3,148,0.02027027027027027,28.277027027027028,1348.0
https://blog.aspose.com/cad/convert-obj-dxf-csharp/,1,55,0.01818181818181818,7.181818181818182,1346.0
https://blog.aspose.com/cells/copy-data-from-excel-sheets-in-python/,14,1258,0.011128775834658187,19.353736089030207,1344.0
https://blog.aspose.com/words/convert-docx-to-txt-in-python/,18,1455,0.012371134020618556,12.037113402061856,1338.0
https://blog.aspose.com/convert-primavera-xml-to-mpp-in-csharp/,1,35,0.02857142857142857,11.371428571428572,1338.0
https://blog.aspose.com/tasks/convert-xer-to-pdf-in-csharp/,6,368,0.016304347826086956,9.834239130434783,1336.0
https://blog.aspose.com/create-visio-diagram-in-python/,55,2334,0.02356469580119966,7.5012853470437015,1331.0
https://blog.aspose.com/ocr/convert-image-to-text-with-spelling-correction-in-java/,1,41,0.024390243902439025,13.268292682926829,1330.0
https://blog.aspose.com/imaging/crop-images-in-csharp/,6,319,0.018808777429467086,24.213166144200628,1322.0
https://blog.aspose.com/imaging/rotate-images-in-csharp/,29,1149,0.025239338555265448,12.11662315056571,1318.0
https://blog.aspose.com/diagram/convert-Visio-to-pdf-in-python/,2,136,0.014705882352941176,32.154411764705884,1317.0
https://blog.aspose.com/barcode/generate-data-matrix-code-in-csharp/,4,189,0.021164021164021163,27.04232804232804,1317.0
https://blog.aspose.com/drawing/graphics-programming-in-csharp/,20,1888,0.01059322033898305,13.288135593220339,1311.0
https://blog.aspose.com/barcode/read-barcode-from-pdf-in-java/,6,195,0.03076923076923077,28.04102564102564,1309.0
https://blog.aspose.com/cells/auto-fit-excel-rows-columns-java/,4,264,0.015151515151515152,19.901515151515152,1304.0
https://blog.aspose.com/words/compare-pdf-files-in-python/,5,366,0.01366120218579235,17.281420765027324,1303.0
https://blog.aspose.com/cells/adjust-row-height-column-width-in-excel-csharp/,16,946,0.016913319238900635,11.825581395348838,1303.0
https://blog.aspose.com/html/change-text-color-in-html-using-java/,3,191,0.015706806282722512,27.926701570680628,1297.0
https://blog.aspose.com/ocr/skew-correction-in-image-processing-using-csharp/,13,423,0.030732860520094562,9.976359338061465,1297.0
https://blog.aspose.com/pdf/convert-latex-to-pdf-java/,1,37,0.02702702702702703,8.756756756756758,1291.0
https://blog.aspose.com/html/create-html-in-java/,2,96,0.020833333333333332,28.40625,1291.0
https://blog.aspose.com/email/remove-outlook-email-attachments-python/,3,232,0.01293103448275862,9.862068965517242,1290.0
https://blog.aspose.com/svg/convert-hex-to-rgb-color-code-in-csharp/,4,153,0.026143790849673203,35.55555555555556,1290.0
https://blog.aspose.com/cells/insert-delete-rows-in-excel-java/,5,148,0.033783783783783786,15.364864864864865,1287.0
https://blog.aspose.com/pdf/convert-image-to-pdf-csharp/,1,63,0.015873015873015872,35.57142857142857,1281.0
https://blog.aspose.com/imaging/apply-median-wiener-filter-to-images-in-csharp/,1,52,0.019230769230769232,13.576923076923077,1281.0
https://blog.aspose.com/imaging/blur-images-in-java/,1,85,0.011764705882352941,20.28235294117647,1270.0
https://blog.aspose.com/gis/convert-osm-to-kml-in-csharp/,2,121,0.01652892561983471,13.446280991735538,1269.0
https://blog.aspose.com/html/css-selectors-in-html-using-java/,1,59,0.01694915254237288,20.423728813559322,1268.0
https://blog.aspose.com/ocr/image-skew-correction-in-java/,4,104,0.038461538461538464,10.826923076923077,1262.0
https://blog.aspose.com/3d/convert-obj-to-usdz-in-python/,3,244,0.012295081967213115,16.9672131147541,1260.0
https://blog.aspose.com/html/create-html-in-csharp/,1,32,0.03125,25.6875,1260.0
https://blog.aspose.com/gis/convert-gpx-to-geojson-in-csharp/,2,187,0.0106951871657754,7.593582887700535,1259.0
https://blog.aspose.com/drawing/antialiasing-in-csharp/,10,594,0.016835016835016835,10.944444444444445,1252.0
https://blog.aspose.com/barcode/gs1-128-barcode-generator-in-java/,1,83,0.012048192771084338,38.963855421686745,1249.0
https://blog.aspose.com/font/convert-pfb-to-ttf-in-csharp/,5,268,0.018656716417910446,11.138059701492537,1246.0
https://blog.aspose.com/finance/read-xbrl-files-in-python/,3,129,0.023255813953488372,26.364341085271317,1245.0
https://blog.aspose.com/html/css-selectors-in-html-using-csharp/,1,44,0.022727272727272728,13.295454545454545,1238.0
https://blog.aspose.com/gis/convert-geojson-to-svg-in-csharp/,7,375,0.018666666666666668,8.048,1238.0
https://blog.aspose.com/imaging/draw-shapes-in-csharp/,15,1003,0.014955134596211365,15.109670987038884,1234.0
https://blog.aspose.com/html/convert-html-to-jpg-in-csharp/,2,82,0.024390243902439025,9.536585365853659,1232.0
https://blog.aspose.com/diagram/convert-visio-to-svg-in-python/,3,199,0.01507537688442211,9.592964824120603,1231.0
https://blog.aspose.com/html/convert-url-to-pdf-in-csharp/,1,72,0.013888888888888888,23.86111111111111,1226.0
https://blog.aspose.com/cells/get-max-rows-in-excel-java/,3,234,0.01282051282051282,32.44444444444444,1224.0
https://blog.aspose.com/email/merge-multiple-mbox-files-in-csharp/,1,28,0.03571428571428571,29.571428571428573,1210.0
https://blog.aspose.com/psd/compress-psd-file-online/,154,5159,0.029850746268656716,12.695483620856756,1199.0
https://blog.aspose.com/3d/glb-to-fbx/,81,5717,0.014168270071715935,11.025362952597517,1197.0
https://blog.aspose.com/barcode/generate-datamatrix-barcode-using-python/,48,1247,0.038492381716118684,14.415396952686448,1186.0
https://blog.aspose.com/cells/convert-json-to-excel-online-free/,28,2448,0.011437908496732025,18.07434640522876,1184.0
https://blog.aspose.com/barcode/python-qr-code-reader/,17,1397,0.012168933428775949,18.937007874015748,1182.0
https://blog.aspose.com/finance/xbrl-to-excel-converter/,86,3684,0.023344191096634093,6.965255157437568,1177.0
https://blog.aspose.com/finance/xbrl-to-ixbrl-converter/,6,200,0.03,27.02,1175.0
https://blog.aspose.com/cells/convert-xml-to-excel-online/,202,12336,0.01637483787289235,14.441715304798963,1174.0
https://blog.aspose.com/svg/vectorize-image-online-with-free-vectorizer/,37,3066,0.012067840834964122,54.42498369210698,1172.0
https://blog.aspose.com/cells/convert-txt-to-json-online/,205,12604,0.016264677880038082,8.971516978736908,1170.0
https://blog.aspose.com/slides/encrypt-ppt-python/,3,113,0.02654867256637168,15.132743362831858,1170.0
https://blog.aspose.com/barcode/text-qr-code-generator/,1,70,0.014285714285714285,24.271428571428572,1165.0
https://blog.aspose.com/cells/convert-xml-to-json-online/,1,46,0.021739130434782608,33.17391304347826,1165.0
https://blog.aspose.com/cad/convert-dgn-to-pdf-online/,88,3721,0.023649556570814297,6.937382424079549,1163.0
https://blog.aspose.com/cells/merge-excel-xls-online/,31,3028,0.01023778071334214,16.88210039630119,1163.0
https://blog.aspose.com/gis/convert-kml-to-shp-online/,5431,171531,0.03166191533891833,7.334242789933015,1161.0
https://blog.aspose.com/3d/convert-usdz-to-glb-online/,24,1927,0.012454592631032694,13.24390243902439,1161.0
https://blog.aspose.com/tasks/convert-mpp-to-excel-online-mpp-to-xlsx/,86,5849,0.014703368097110618,9.705248760471875,1158.0
https://blog.aspose.com/words/edit-word-doc-online/,295,24424,0.012078283655420897,39.565222731739276,1157.0
https://blog.aspose.com/tex/convert-latex-to-word-online-latex-to-docx/,494,24605,0.020077220077220077,9.291851249745987,1156.0
https://blog.aspose.com/omr/grade-calculator-online/,98,9672,0.010132340777502068,23.92266335814723,1154.0
https://blog.aspose.com/omr/answer-sheet-online/,115,4319,0.026626533919888864,15.331326695994443,1150.0
https://blog.aspose.com/3d/convert-jpg-to-3ds-online/,110,6276,0.01752708731676227,25.79923518164436,1149.0
https://blog.aspose.com/pub/publisher-viewer-online-open-pub-file-online/,272,21230,0.012812058407913331,13.647056052755534,1149.0
https://blog.aspose.com/omr/calculate-cgpa-online-online-grades-calculator/,5,166,0.030120481927710843,18.903614457831324,1147.0
https://blog.aspose.com/svg/convert-jpg-to-xml-online/,95,2927,0.03245644004099761,9.89169798428425,1147.0
https://blog.aspose.com/diagram/convert-visio-to-word-online/,138,4967,0.027783370243607813,7.893295751962955,1143.0
https://blog.aspose.com/diagram/convert-visio-to-pdf-online/,11,1044,0.01053639846743295,39.56896551724138,1142.0
https://blog.aspose.com/psd/generate-psd-thumbnail-in-csharp/,1,29,0.034482758620689655,8.03448275862069,1141.0
https://blog.aspose.com/ocr/convert-handwriting-to-text-online/,68,5650,0.012035398230088496,46.220176991150446,1141.0
https://blog.aspose.com/cells/convert-csv-to-json-csharp/,3,169,0.01775147928994083,7.727810650887574,1140.0
https://blog.aspose.com/tasks/convert-mpp-to-mpx-in-csharp/,4,261,0.01532567049808429,8.64750957854406,1137.0
https://blog.aspose.com/tex/open-latex-file-online-tex-viewer-online/,101,7935,0.012728418399495903,11.970762444864524,1135.0
https://blog.aspose.com/pdf/convert-pdf-to-doc-in-python/,3,81,0.037037037037037035,19.62962962962963,1135.0
https://blog.aspose.com/barcode/generate-dotcode-barcode-using-python/,3,276,0.010869565217391304,24.286231884057973,1135.0
https://blog.aspose.com/zip/extract-7z-online/,156,12533,0.012447139551583818,19.642064948535864,1134.0
https://blog.aspose.com/page/open-eps-file-online-free-eps-viewer/,459,40867,0.011231556023197201,12.855286661609611,1134.0
https://blog.aspose.com/finance/xbrl-to-pdf-converter/,217,8693,0.02496261359714713,6.28390659151041,1130.0
https://blog.aspose.com/diagram/visio-viewer-online/,414,29980,0.013809206137424949,16.834956637758506,1129.0
https://blog.aspose.com/pdf/convert-pdf-to-excel-in-python/,9,702,0.01282051282051282,38.72222222222222,1128.0
https://blog.aspose.com/pdf/convert-pdf-to-html-in-python/,7,564,0.012411347517730497,27.4468085106383,1123.0
https://blog.aspose.com/slides/merge-ppt-online/,46,3909,0.0117677155282681,22.7610642107956,1122.0
https://blog.aspose.com/pdf/convert-pdf-to-latex-in-python/,9,604,0.014900662251655629,10.591059602649006,1120.0
https://blog.aspose.com/drawing/online-ruler-cm-scale/,4217,311746,0.013527038037376583,12.162112745632662,1119.0
https://blog.aspose.com/svg/image-stencil-in-csharp/,3,100,0.03,18.18,1116.0
https://blog.aspose.com/pdf/convert-latex-to-pdf-in-python/,23,1614,0.014250309789343246,10.92998760842627,1116.0
https://blog.aspose.com/cad/convert-dwg-to-pdf-in-python/,17,1672,0.010167464114832535,11.169856459330143,1112.0
https://blog.aspose.com/pdf/verify-digital-signature-in-pdf-python/,10,426,0.023474178403755867,27.880281690140844,1108.0
https://blog.aspose.com/3d/3d-in-python/,26,1681,0.015466983938132063,21.440214158239144,1107.0
https://blog.aspose.com/pdf/remove-watermark-from-pdf-in-python/,23,1802,0.012763596004439512,9.504439511653718,1106.0
https://blog.aspose.com/svg/convert-image-to-css-online/,17,658,0.025835866261398176,17.627659574468087,1102.0
https://blog.aspose.com/slides/edit-ppt-online/,108,5496,0.019650655021834062,24.225618631732168,1100.0
https://blog.aspose.com/tex/latex-document-conversion-in-csharp/,4,136,0.029411764705882353,8.625,1099.0
https://blog.aspose.com/ocr/document-scanning-in-csharp/,6,156,0.038461538461538464,13.903846153846153,1091.0
https://blog.aspose.com/diagram/create-mind-map-online/,62,2139,0.028985507246376812,56.223001402524545,1084.0
https://blog.aspose.com/pdf/compress-pdf-in-python/,6,331,0.01812688821752266,21.268882175226587,1081.0
https://blog.aspose.com/omr/omr-sheet-in-pdf/,29,972,0.029835390946502057,11.88888888888889,1081.0
https://blog.aspose.com/zip/compress-files-online/,183,9783,0.01870591842992947,31.800367985280587,1080.0
https://blog.aspose.com/email/create-mime-messages-in-csharp/,5,297,0.016835016835016835,12.922558922558922,1080.0
https://blog.aspose.com/diagram/online-visio-editor/,352,12156,0.028956893715037842,12.941428101349128,1079.0
https://blog.aspose.com/barcode/patch-code-in-python/,1,60,0.016666666666666666,9.05,1077.0
https://blog.aspose.com/total/remove-background-noise-from-audio/,225,6151,0.036579417980816126,22.040968948138513,1077.0
https://blog.aspose.com/drawing/image-clipping-in-csharp/,1,79,0.012658227848101266,14.481012658227849,1067.0
https://blog.aspose.com/3d/convert-stl-to-obj-in-python/,2,65,0.03076923076923077,33.323076923076925,1065.0
https://blog.aspose.com/svg/optimize-svg-for-web/,34,2966,0.011463250168577209,20.572488199595416,1065.0
https://blog.aspose.com/diagram/convert-image-to-visio-in-java/,6,522,0.011494252873563218,11.367816091954023,1060.0
https://blog.aspose.com/total/document-viewer-in-csharp/,7,259,0.02702702702702703,26.185328185328185,1059.0
https://blog.aspose.com/cad/convert-dwf-to-pdf-online/,221,11945,0.018501465048137294,13.077689409794893,1058.0
https://blog.aspose.com/gis/convert-gpx-to-csv-online/,61,4094,0.014899853444064484,7.996824621397167,1057.0
https://blog.aspose.com/email/create-mime-messages-in-java/,3,95,0.031578947368421054,18.33684210526316,1053.0
https://blog.aspose.com/email/imap-client-email-threading-using-csharp/,7,437,0.016018306636155607,12.695652173913043,1053.0
https://blog.aspose.com/3d/convert-glb-to-obj-in-python/,15,986,0.015212981744421906,32.946247464503045,1053.0
https://blog.aspose.com/font/convert-type1-to-ttf/,19,622,0.03054662379421222,11.861736334405144,1049.0
https://blog.aspose.com/pdf/convert-latex-to-word-python/,17,1027,0.016553067185978577,9.502434274586173,1044.0
https://blog.aspose.com/tasks/convert-mpp-to-xml-in-python/,17,1028,0.016536964980544747,6.1994163424124515,1043.0
https://blog.aspose.com/email/read-mbox-files-using-csharp/,12,306,0.0392156862745098,8.591503267973856,1043.0
https://blog.aspose.com/diagram/combine-visio-diagrams-in-python/,1,53,0.018867924528301886,18.18867924528302,1035.0
https://blog.aspose.com/2023/05/09/create-mime-messages-in-python/,15,489,0.03067484662576687,13.447852760736197,1035.0
https://blog.aspose.com/note/convert-onenote-to-markdown-online/,39,2342,0.016652433817250213,10.55465414175918,1035.0
https://blog.aspose.com/ocr/scanned-pdf-to-word-ocr-in-python/,10,828,0.012077294685990338,18.131642512077295,1032.0
https://blog.aspose.com/imaging/image-processing-library-for-linux/,2,102,0.0196078431372549,36.71568627450981,1023.0
https://blog.aspose.com/imaging/add-watermark-to-images-in-python/,3,153,0.0196078431372549,25.65359477124183,1022.0
https://blog.aspose.com/ocr/document-scanning-in-python/,4,119,0.03361344537815126,20.34453781512605,1021.0
https://blog.aspose.com/imaging/compress-images-in-python/,4,189,0.021164021164021163,33.888888888888886,1021.0
https://blog.aspose.com/barcode/python-barcode-reader/,17,936,0.018162393162393164,15.878205128205128,1018.0
https://blog.aspose.com/imaging/change-pixel-color-of-image-python/,10,799,0.012515644555694618,20.15894868585732,1017.0
https://blog.aspose.com/html/convert-xhtml-to-pdf-online/,12,845,0.014201183431952662,13.13491124260355,1016.0
https://blog.aspose.com/svg/convert-image-to-vector/,27,1681,0.016061867935752528,56.5116002379536,1014.0
https://blog.aspose.com/drawing/working-with-aspose-drawing-in-asp-net-core-web-app/,1,60,0.016666666666666666,8.55,1011.0
https://blog.aspose.com/imaging/apply-median-wiener-filter-to-images-in-python/,3,210,0.014285714285714285,18.604761904761904,1011.0
https://blog.aspose.com/cad/convert-dwf-to-dxf-in-python/,10,576,0.017361111111111112,20.52777777777778,1007.0
https://blog.aspose.com/gis/convert-kml-to-csv-online/,169,8842,0.019113322777652115,8.925695543994571,1004.0
https://blog.aspose.com/tasks/create-ms-project-in-python/,32,1438,0.022253129346314324,7.3609179415855355,995.0
https://blog.aspose.com/total/splitting-documents-in-csharp/,1,30,0.03333333333333333,20.4,987.0
https://blog.aspose.com/email/manage-calendar-items-using-csharp/,10,422,0.023696682464454975,11.689573459715639,978.0
https://blog.aspose.com/email/5ways-to-retrieve-emails-using-csharp/,6,440,0.013636363636363636,22.681818181818183,978.0
https://blog.aspose.com/email/creating-mbox-files-using-csharp/,3,106,0.02830188679245283,5.90566037735849,978.0
https://blog.aspose.com/cells/convert-xml-to-excel-in-java/,6,169,0.03550295857988166,20.46153846153846,974.0
https://blog.aspose.com/cells/convert-csv-to-json-in-java/,3,75,0.04,17.093333333333334,973.0
https://blog.aspose.com/drawing/add-text-to-image-in-csharp/,29,1076,0.02695167286245353,20.66635687732342,969.0
https://blog.aspose.com/imaging/dotnet-image-processing-api/,4,368,0.010869565217391304,35.11413043478261,967.0
https://blog.aspose.com/cad/convert-dwg-to-dxf-in-python/,61,3161,0.019297690604239165,8.914583992407465,962.0
https://blog.aspose.com/gis/convert-lat-long-to-utm-in-csharp/,11,648,0.016975308641975308,28.819444444444443,960.0
https://blog.aspose.com/3d/convert-obj-to-stl-in-csharp/,1,28,0.03571428571428571,5.607142857142857,959.0
https://blog.aspose.com/tasks/convert-xer-to-pdf-in-java/,2,186,0.010752688172043012,7.204301075268817,953.0
https://blog.aspose.com/tex/render-latex-math-formula-to-svg-in-java/,4,317,0.012618296529968454,16.100946372239747,952.0
https://blog.aspose.com/zip/delete-files-from-zip-in-python/,22,900,0.024444444444444446,19.675555555555555,952.0
https://blog.aspose.com/zip/create-self-extracting-archive-in-python/,10,597,0.01675041876046901,17.855946398659967,947.0
https://blog.aspose.com/zip/convert-rar-to-zip-in-python/,2,126,0.015873015873015872,16.055555555555557,946.0
https://blog.aspose.com/ppt/create-and-open-ppt-in-nodejs/,1,95,0.010526315789473684,18.33684210526316,944.0
https://blog.aspose.com/omr/create-and-read-omr-with-barcode-in-csharp/,2,90,0.022222222222222223,9.0,941.0
https://blog.aspose.com/barcode/text-to-qr-code-generator-in-python/,4,396,0.010101010101010102,22.68686868686869,934.0
https://blog.aspose.com/zip/create-tar-file-in-csharp/,5,223,0.02242152466367713,9.278026905829597,933.0
https://blog.aspose.com/html/create-html-table-in-csharp/,7,346,0.02023121387283237,13.572254335260116,932.0
https://blog.aspose.com/drawing/draw-circle-in-csharp/,53,2591,0.02045542261675029,8.934774218448474,927.0
https://blog.aspose.com/cells/excel-to-ppt-csharp/,1,39,0.02564102564102564,13.487179487179487,925.0
https://blog.aspose.com/svg/optimize-svg-in-csharp/,2,79,0.02531645569620253,14.164556962025317,925.0
https://blog.aspose.com/total/document-cloning-in-csharp/,2,126,0.015873015873015872,20.88888888888889,923.0
https://blog.aspose.com/cad/convert-stl-to-dxf-in-python/,15,1037,0.01446480231436837,16.319189971070394,919.0
https://blog.aspose.com/3d/create-3d-scene-using-java/,1,35,0.02857142857142857,23.085714285714285,913.0
https://blog.aspose.com/finance/xbrl-viewer-online/,60,1882,0.031880977683315624,11.439957492029755,903.0
https://blog.aspose.com/email/parsing-and-creating-outlook-tasks-using-csharp/,2,56,0.03571428571428571,40.375,894.0
https://blog.aspose.com/email/bounces-and-delivery-notifications-handling-in-charp/,1,48,0.020833333333333332,16.708333333333336,894.0
https://blog.aspose.com/words/convert-word-doc-to-txt-csharp/,2,71,0.028169014084507043,31.169014084507044,891.0
https://blog.aspose.com/imaging/python-magic-wand-tool/,1,76,0.013157894736842105,14.68421052631579,888.0
https://blog.aspose.com/barcode/2d-barcode-generator/,6,421,0.014251781472684086,42.13064133016627,883.0
https://blog.aspose.com/cells/repair-excel-files-online/,370,11329,0.0326595462971136,18.036190308058963,878.0
https://blog.aspose.com/cells/edit-excel-files-online/,96,6556,0.01464307504575961,29.88163514338011,877.0
https://blog.aspose.com/html/convert-mhtml-to-pdf/,65,4978,0.013057452792286059,16.12575331458417,871.0
https://blog.aspose.com/html/convert-url-to-pdf-in-java/,3,101,0.0297029702970297,21.396039603960396,860.0
https://blog.aspose.com/pdf/optimize-pdf-javascript/,1,71,0.014084507042253521,21.422535211267604,856.0
https://blog.aspose.com/gis/convert-kmz-to-gpx-online/,428,13899,0.030793582272105907,7.377365278077559,853.0
https://blog.aspose.com/html/create-html-table-in-java/,19,621,0.030595813204508857,17.96940418679549,847.0
https://blog.aspose.com/pdf/convert-xml-to-pdf-in-python/,13,839,0.015494636471990465,9.216924910607867,833.0
https://blog.aspose.com/email/tnef-format-processing-using-csharp/,3,191,0.015706806282722512,34.246073298429316,832.0
https://blog.aspose.com/slides/combine-multiple-powerpoints-in-nodejs-aspose-ppt-merger/,3,213,0.014084507042253521,12.72300469483568,820.0
https://blog.aspose.com/pub/convert-publisher-to-powerpoint/,172,11149,0.015427392591263791,5.391963404789667,818.0
https://blog.aspose.com/slides/convert-powerpoint-to-pdf-in-nodejs-pptx-to-pdf-converter/,3,115,0.02608695652173913,12.765217391304347,812.0
https://blog.aspose.com/drawing/draw-lines-in-csharp/,23,1856,0.012392241379310345,14.101831896551724,807.0
https://blog.aspose.com/pdf/convert-txt-to-pdf-javascript/,4,191,0.020942408376963352,10.37696335078534,800.0
https://blog.aspose.com/diagram/find-and-replace-in-visio-using-python/,2,165,0.012121212121212121,19.35151515151515,797.0
https://blog.aspose.com/tasks/ms-project-calculation-modes-in-python/,1,80,0.0125,8.925,794.0
https://blog.aspose.com/cad/convert-dwg-to-png-in-java-dwg-to-png-converter/,1,48,0.020833333333333332,14.979166666666666,792.0
https://blog.aspose.com/note/change-text-style-in-onenote-using-csharp/,4,232,0.017241379310344827,20.810344827586206,787.0
https://blog.aspose.com/html/generate-pdf-from-markdown-in-java-markdown-to-pdf/,2,52,0.038461538461538464,14.211538461538462,779.0
https://blog.aspose.com/zip/compress-a-csv-file-in-python-csv-to-zip/,14,904,0.015486725663716814,10.100663716814159,776.0
https://blog.aspose.com/words/insert-watermark-in-word-using-python/,20,1287,0.01554001554001554,6.392385392385393,773.0
https://blog.aspose.com/pdf/print-pdf-in-python/,32,1858,0.017222820236813777,11.066200215285253,771.0
https://blog.aspose.com/cells/convert-xml-to-excel-in-python/,13,523,0.0248565965583174,18.21223709369025,769.0
https://blog.aspose.com/imaging/reduce-the-size-of-a-jpeg-in-csharp-online-jpeg-size-reducer/,3,77,0.03896103896103896,12.402597402597403,769.0
https://blog.aspose.com/diagram/create-flowchart-in-python/,35,2531,0.01382852627419992,18.743579612801263,766.0
https://blog.aspose.com/slides/convert-ppt-to-html-in-nodejs-powerpoint-javascript-api/,3,269,0.011152416356877323,14.53903345724907,765.0
https://blog.aspose.com/tasks/ms-project-viewer-online/,195,19359,0.010072834340616767,22.68262823492949,764.0
https://blog.aspose.com/html/extract-text-from-webpage-in-csharp-text-extraction-api/,4,328,0.012195121951219513,17.304878048780488,764.0
https://blog.aspose.com/ocr/ocr-passport-in-python/,9,812,0.011083743842364532,40.54556650246305,762.0
https://blog.aspose.com/words/convert-word-to-txt-in-java/,2,65,0.03076923076923077,20.753846153846155,759.0
https://blog.aspose.com/note/convert-onenote-to-html-online/,2,122,0.01639344262295082,10.344262295081966,757.0
https://blog.aspose.com/pub/convert-pub-to-html/,6,447,0.013422818791946308,9.225950782997764,755.0
https://blog.aspose.com/email/outlook-calendar-items-management-using-csharp/,15,781,0.019206145966709345,11.421254801536492,752.0
https://blog.aspose.com/svg/convert-text-to-vector/,29,1885,0.015384615384615385,26.575066312997347,752.0
https://blog.aspose.com/email/creating-pst-files-using-csharp/,2,199,0.010050251256281407,8.683417085427136,752.0
https://blog.aspose.com/email/work-with-outlook-email-attachments-using-csharp/,2,114,0.017543859649122806,10.587719298245615,752.0
https://blog.aspose.com/words/convert-word-to-excel-using-csharp/,3,173,0.017341040462427744,9.68208092485549,750.0
https://blog.aspose.com/zip/create-a-password-protected-zip-using-java-zip-library/,6,186,0.03225806451612903,24.903225806451612,748.0
https://blog.aspose.com/pdf/convert-pdf-to-base64-online/,53,5104,0.010384012539184953,11.198275862068966,736.0
https://blog.aspose.com/3d/lets-repair-3d-models-online/,152,5142,0.02956048230260599,9.200894593543369,736.0
https://blog.aspose.com/email/creating-pst-files-using-python/,4,287,0.013937282229965157,10.961672473867596,731.0
https://blog.aspose.com/tasks/convert-xer-to-pdf-in-python/,12,659,0.018209408194233688,12.90288315629742,729.0
https://blog.aspose.com/words/convert-word-to-jpg-using-csharp/,1,49,0.02040816326530612,25.897959183673468,726.0
https://blog.aspose.com/pub/convert-publisher-to-excel/,98,2659,0.03685596088755171,3.8544565626175253,720.0
https://blog.aspose.com/svg/convert-jpg-to-base64-online/,5,382,0.013089005235602094,16.69371727748691,717.0
https://blog.aspose.com/drawing/image-clipping-in-java/,1,59,0.01694915254237288,18.491525423728813,714.0
https://blog.aspose.com/cad/convert-dwg-to-pdf-in-csharp/,2,99,0.020202020202020204,13.171717171717171,710.0
https://blog.aspose.com/3d/convert-ply-to-usdz-in-csharp/,2,173,0.011560693641618497,8.0,709.0
https://blog.aspose.com/words/create-table-in-word-using-csharp/,1,81,0.012345679012345678,17.308641975308642,708.0
https://blog.aspose.com/pdf/convert-jpg-to-pdf-in-python/,2,144,0.013888888888888888,12.284722222222221,706.0
https://blog.aspose.com/diagram/create-organizational-chart-in-python/,16,855,0.01871345029239766,10.419883040935673,701.0
https://blog.aspose.com/imaging/reduce-svg-file-size-in-csharp/,1,36,0.027777777777777776,13.833333333333334,694.0
https://blog.aspose.com/email/creating-mbox-files-in-java/,1,61,0.01639344262295082,24.491803278688526,689.0
https://blog.aspose.com/email/create-an-appointment-in-python/,1,27,0.037037037037037035,11.444444444444445,688.0
https://blog.aspose.com/font/merge-ttf-files-in-java/,12,621,0.01932367149758454,13.790660225442835,685.0
https://blog.aspose.com/words/convert-word-to-excel-using-python/,5,221,0.02262443438914027,15.950226244343892,684.0
https://blog.aspose.com/cells/convert-txt-to-json-in-csharp/,6,375,0.016,20.322666666666667,680.0
https://blog.aspose.com/imaging/convert-from-heic-in-c-sharp/,19,920,0.020652173913043477,8.251086956521739,678.0
https://blog.aspose.com/diagram/convert-visio-to-svg-in-csharp/,5,474,0.010548523206751054,12.037974683544304,678.0
https://blog.aspose.com/email/email-rendering-in-html-using-csharp/,7,225,0.03111111111111111,30.808888888888887,675.0
https://blog.aspose.com/email/implement-follow-up-flags-using-csharp/,1,92,0.010869565217391304,16.815217391304348,675.0
https://blog.aspose.com/3d/convert-obj-to-ply-in-csharp/,1,69,0.014492753623188406,14.014492753623188,671.0
https://blog.aspose.com/zip/merge-tar-gz-archives-in-java/,1,77,0.012987012987012988,18.22077922077922,668.0
https://blog.aspose.com/svg/optimize-svg-image-in-python/,6,302,0.019867549668874173,17.70198675496689,666.0
https://blog.aspose.com/gis/make-geometric-shapes-in-csharp/,1,84,0.011904761904761904,18.11904761904762,665.0
https://blog.aspose.com/zip/compress-excel-files-in-python/,1,82,0.012195121951219513,14.512195121951219,638.0
https://blog.aspose.com/note/convert-onenote-to-excel-online/,18,1110,0.016216216216216217,8.32882882882883,622.0
https://blog.aspose.com/cells/create-histogram-chart-in-excel-using-csharp/,1,26,0.038461538461538464,15.153846153846153,619.0
https://blog.aspose.com/drawing/write-text-on-jpg-in-java/,6,529,0.011342155009451797,35.315689981096405,612.0
https://blog.aspose.com/email/how-to-use-microsoft-graph-for-mailbox-management-in-csharp/,8,290,0.027586206896551724,12.193103448275862,610.0
https://blog.aspose.com/words/remove-pages-from-word-in-csharp/,18,639,0.028169014084507043,8.807511737089202,605.0
https://blog.aspose.com/gis/convert-shapefile-to-csv-in-csharp/,1,35,0.02857142857142857,18.771428571428572,604.0
https://blog.aspose.com/gis/convert-shapefile-to-png-in-csharp/,3,79,0.0379746835443038,9.063291139240507,601.0
https://blog.aspose.com/email/manage-zimbra-tgz-backups-net/,1,35,0.02857142857142857,10.314285714285715,588.0
https://blog.aspose.com/email/convert-msg-to-html-in-nodejs/,3,87,0.034482758620689655,21.28735632183908,569.0
https://blog.aspose.com/email/convert-msg-to-eml-in-nodejs/,5,384,0.013020833333333334,8.0234375,567.0
https://blog.aspose.com/font/convert-woff-to-ttf-in-javascript/,5,357,0.014005602240896359,31.448179271708682,561.0
https://blog.aspose.com/pdf/convert-png-to-pdf-in-python/,3,195,0.015384615384615385,14.882051282051282,556.0
https://blog.aspose.com/pdf/edit-pdf-document-online-free/,7,594,0.011784511784511785,33.61952861952862,553.0
https://blog.aspose.com/pdf/convert-pdf-to-excel-online/,2,165,0.012121212121212121,11.315151515151515,549.0
https://blog.aspose.com/psd/how-to-make-a-psd-file-in-python/,2,197,0.01015228426395939,9.878172588832488,546.0
https://blog.aspose.com/psd/convert-psd-to-jpeg-in-python/,2,85,0.023529411764705882,11.505882352941176,545.0
https://blog.aspose.com/page/postscript-library-to-create-a-postscript-file/,1,97,0.010309278350515464,12.381443298969073,540.0
https://blog.aspose.com/cells/insert-calculated-field-in-pivot-table-using-python/,1,99,0.010101010101010102,11.04040404040404,540.0
https://blog.aspose.com/barcode/generate-barcode-39-in-csharp/,2,50,0.04,14.04,539.0
https://blog.aspose.com/cells/delete-blank-rows-and-columns-in-excel-using-csharp/,1,66,0.015151515151515152,13.196969696969697,538.0
https://blog.aspose.com/tasks/ms-project-schedule-in-csharp/,4,130,0.03076923076923077,24.307692307692307,533.0
https://blog.aspose.com/note/convert-onenote-to-word-online/,6,329,0.0182370820668693,21.662613981762917,532.0
https://blog.aspose.com/cad/convert-stl-to-svg-in-python/,6,336,0.017857142857142856,17.785714285714285,525.0
https://blog.aspose.com/cad/programmatically-convert-stl-to-pdf-in-python/,1,32,0.03125,6.5,524.0
https://blog.aspose.com/pdf/remove-images-from-pdf-using-python/,1,91,0.01098901098901099,21.13186813186813,521.0
https://blog.aspose.com/cells/add-picture-to-excel-in-csharp/,4,216,0.018518518518518517,12.62037037037037,519.0
https://blog.aspose.com/note/extract-and-attach-files-to-notes-in-csharp/,1,34,0.029411764705882353,10.705882352941176,512.0
https://blog.aspose.com/psd/convert-psd-to-png-in-python/,2,59,0.03389830508474576,7.0,511.0
https://blog.aspose.com/drawing/draw-arc-and-curve-in-csharp/,18,730,0.024657534246575342,11.163013698630136,507.0
https://blog.aspose.com/email/access-gmail-imap-oauth2-in-csharp/,7,526,0.013307984790874524,13.275665399239545,505.0
https://blog.aspose.com/pdf/extract-pages-from-pdf-in-python/,3,280,0.010714285714285714,16.892857142857142,504.0
https://blog.aspose.com/pdf/convert-pdf-to-png-online/,1,54,0.018518518518518517,31.425925925925927,489.0
https://blog.aspose.com/3d/convert-obj-to-u3d-in-python/,1,53,0.018867924528301886,6.773584905660377,479.0
https://blog.aspose.com/pdf/remove-watermark-from-pdf-in-csharp/,3,199,0.01507537688442211,8.22110552763819,470.0
https://blog.aspose.com/pdf/delete-pages-from-pdf-in-python/,1,33,0.030303030303030304,11.484848484848484,444.0
https://blog.aspose.com/psd/change-ai-file-to-png-ai-to-png-online/,1,65,0.015384615384615385,35.95384615384615,444.0
https://blog.aspose.com/3d/how-to-make-3d-sphere/,4,102,0.0392156862745098,18.058823529411764,441.0
https://blog.aspose.com/cells/protect-and-unprotect-cells-in-excel-using-python/,1,91,0.01098901098901099,16.076923076923077,436.0
https://blog.aspose.com/ocr/find-font-from-images-online/,395,22813,0.017314688993117958,32.58400911760838,430.0
https://blog.aspose.com/tex/create-tex-file-programmatically/,1,38,0.02631578947368421,12.289473684210526,430.0
https://blog.aspose.com/diagram/convert-vsdx-to-pdf-in-python/,3,125,0.024,28.072,427.0
https://blog.aspose.com/gis/online-spatial-data-visualization/,1,27,0.037037037037037035,6.0,422.0
https://blog.aspose.com/tasks/convert-mpp-to-mpx-online/,15,699,0.02145922746781116,7.954220314735336,421.0
https://blog.aspose.com/note/convert-evernote-to-onenote-in-csharp/,2,101,0.019801980198019802,50.42574257425743,416.0
https://blog.aspose.com/email/free-eml-to-pst-converter-online-tool/,7,310,0.02258064516129032,19.33225806451613,416.0
https://blog.aspose.com/cells/convert-csv-to-pdf-in-python/,2,148,0.013513513513513514,18.175675675675677,415.0
https://blog.aspose.com/imaging/convert-coreldraw-file-to-pdf/,1,36,0.027777777777777776,39.611111111111114,414.0
https://blog.aspose.com/words/remove-watermark-from-word-online/,400,20940,0.019102196752626553,11.172731614135625,408.0
https://blog.aspose.com/cells/convert-html-to-excel-online/,347,28733,0.012076706226290328,7.983851320780984,405.0
https://blog.aspose.com/html/convert-html-to-jpeg-online/,2,96,0.020833333333333332,46.0,399.0
https://blog.aspose.com/pdf/remove-watermark-from-pdf-online/,406,13773,0.029477964132723446,27.510128512306686,398.0
https://blog.aspose.com/cells/online-excel-password-remover/,1716,46814,0.036655701285940104,19.49357029948306,395.0
https://blog.aspose.com/pdf/rotate-pdf-document-online/,1,33,0.030303030303030304,23.848484848484848,392.0
https://blog.aspose.com/cells/view-and-edit-excel-metadata/,34,2784,0.01221264367816092,11.780890804597702,385.0
https://blog.aspose.com/pdf/ai-pdf-summary-generator-in-csharp/,6,353,0.0169971671388102,11.025495750708215,379.0
https://blog.aspose.com/email/programming-with-gmail-in-csharp/,3,283,0.01060070671378092,13.321554770318022,378.0
https://blog.aspose.com/email/csharp-extract-outlook-reactions-msg/,1,49,0.02040816326530612,37.265306122448976,378.0
https://blog.aspose.com/pdf/convert-epub-to-pdf-in-python/,1,86,0.011627906976744186,8.569767441860465,371.0
https://blog.aspose.com/total/convert-rar-to-pdf-online/,51,3343,0.01525575830092731,12.321268321866587,366.0
https://blog.aspose.com/pdf/search-in-pdf-using-csharp/,8,631,0.012678288431061807,9.973058637083994,364.0
https://blog.aspose.com/omr/scan-survey-online/,7,628,0.011146496815286623,10.44267515923567,360.0
https://blog.aspose.com/3d/convert-usdz-to-stl-online/,11,963,0.01142263759086189,10.74558670820353,358.0
https://blog.aspose.com/cells/compress-excel-file/,23,1974,0.01165146909827761,31.519250253292807,358.0
https://blog.aspose.com/total/export-onenote-to-word-in-csharp/,1,44,0.022727272727272728,19.068181818181817,352.0
https://blog.aspose.com/html/create-iframe-embed-code-in-csharp/,8,319,0.025078369905956112,15.335423197492164,352.0
https://blog.aspose.com/tasks/merge-xml-files-online/,15,476,0.031512605042016806,20.044117647058822,351.0
https://blog.aspose.com/html/free-url-to-pdf-converter/,48,2153,0.02229447282861124,59.69066418950302,351.0
https://blog.aspose.com/tex/convert-latex-to-pdf-online/,61,2134,0.02858481724461106,11.080131208997189,350.0
https://blog.aspose.com/svg/convert-rgb-to-hex-in-python/,13,815,0.015950920245398775,13.71165644171779,346.0
https://blog.aspose.com/pdf/convert-pdf-to-word-online/,2,97,0.020618556701030927,6.680412371134021,339.0
https://blog.aspose.com/psd/convert-ai-to-jpeg-in-python-programmatically/,2,65,0.03076923076923077,36.38461538461539,338.0
https://blog.aspose.com/psd/convert-ai-image-to-gif-in-python/,1,96,0.010416666666666666,41.020833333333336,337.0
https://blog.aspose.com/total/compress-jpg-online/,1,100,0.01,23.32,337.0
https://blog.aspose.com/pdf/merge-pdf-documents-online/,3,150,0.02,11.446666666666667,335.0
https://blog.aspose.com/cells/copy-range-in-excel-using-csharp/,1,88,0.011363636363636364,15.920454545454545,323.0
https://blog.aspose.com/cells/create-combo-chart-in-excel-using-csharp/,1,32,0.03125,33.59375,323.0
https://blog.aspose.com/cells/mail-merge-using-excel-in-python/,4,351,0.011396011396011397,26.757834757834758,317.0
https://blog.aspose.com/tasks/convert-xml-to-html-in-python/,1,58,0.017241379310344827,20.5,308.0
https://blog.aspose.com/words/convert-multi-page-documents-to-single-image-aspose-words-net/,1,30,0.03333333333333333,6.866666666666666,303.0
https://blog.aspose.com/cad/convert-dxf-file-to-svg-in-csharp/,2,95,0.021052631578947368,37.06315789473684,303.0
https://blog.aspose.com/medical/read-dicom-file-in-csharp/,11,565,0.019469026548672566,21.798230088495576,288.0
https://blog.aspose.com/cells/create-gantt-chart-in-excel-using-python/,42,3446,0.012188044109112013,10.881892048752176,282.0
https://blog.aspose.com/html/convert-html-to-markdown-in-python/,1,98,0.01020408163265306,8.816326530612244,274.0
https://blog.aspose.com/svg/transform-png-to-svg-in-python/,1,93,0.010752688172043012,6.032258064516129,267.0
https://blog.aspose.com/ocr/extract-jpg-text-using-python/,1,29,0.034482758620689655,15.0,262.0
https://blog.aspose.com/slides/convert-pptx-to-xml-in-csharp/,1,32,0.03125,28.59375,238.0
https://blog.aspose.com/words/self-hosted-llm-aspose-words-net/,4,140,0.02857142857142857,5.921428571428572,231.0
https://blog.aspose.com/tasks/combine-xml-files-in-python/,11,832,0.013221153846153846,10.03125,225.0
https://blog.aspose.com/cells/create-dropdown-list-in-excel-using-python/,6,576,0.010416666666666666,12.762152777777779,219.0
https://blog.aspose.com/cad/change-svg-to-png-in-python/,3,141,0.02127659574468085,21.411347517730498,203.0
https://blog.aspose.com/cad/develop-a-dxf-to-svg-converter-in-csharp/,2,84,0.023809523809523808,8.75,202.0
https://blog.aspose.com/cells/convert-html-to-excel-in-python/,4,360,0.011111111111111112,9.827777777777778,197.0
https://blog.aspose.com/gis/convert-shapefile-to-json-in-python/,3,201,0.014925373134328358,17.09452736318408,197.0
https://blog.aspose.com/gis/convert-gpx-to-kml-in-python/,4,201,0.01990049751243781,16.83582089552239,196.0
https://blog.aspose.com/cells/convert-txt-file-to-csv-in-python/,4,228,0.017543859649122806,23.280701754385966,195.0
https://blog.aspose.com/psd/insert-image-in-photoshop-layer-using-python/,2,163,0.012269938650306749,16.938650306748464,191.0
https://blog.aspose.com/words/translate-word-files-python-ai-functionality/,4,230,0.017391304347826087,9.756521739130434,183.0
https://blog.aspose.com/svg/change-svg-fill-color-in-python/,9,721,0.012482662968099861,10.717059639389737,182.0
https://blog.aspose.com/slides/convert-pptx-to-markdown-in-java/,1,31,0.03225806451612903,6.290322580645161,170.0
https://blog.aspose.com/cells/create-bar-stacked-chart-in-excel-using-csharp/,1,35,0.02857142857142857,22.771428571428572,162.0
https://blog.aspose.com/cells/create-surfacecontour-chart-in-excel-using-csharp/,2,93,0.021505376344086023,5.89247311827957,162.0
https://blog.aspose.com/cells/create-sunburst-chart-in-excel-using-csharp/,1,38,0.02631578947368421,24.81578947368421,160.0
https://blog.aspose.com/psd/python-via-net-simple-ai-to-pdf-conversion/,1,30,0.03333333333333333,5.566666666666666,65.0
https://blog.aspose.com/tag/convert-pdf-to-visio-online-free/,54,1720,0.031395348837209305,40.54593023255814,
https://blog.aspose.com/tag/repair-3d-models/,26,1440,0.018055555555555554,5.7340277777777775,
https://blog.aspose.com/tag/morse-code-audio-decoder/,16,1421,0.011259676284306826,50.426460239268124,
https://blog.aspose.com/tag/online-password-recovery-tool/,12,382,0.031413612565445025,18.274869109947645,
https://blog.aspose.com/tag/voice-cleaner-free/,10,642,0.01557632398753894,6.574766355140187,
https://blog.aspose.com/tag/quick-grade-calculator/,8,230,0.034782608695652174,35.2695652173913,
https://blog.aspose.com/tag/aspose-mind-map/,7,460,0.015217391304347827,5.221739130434782,
https://blog.aspose.com/tag/convert-kml-to-shp/,7,366,0.01912568306010929,12.199453551912569,
https://blog.aspose.com/tag/fake-gmail-generator/,7,226,0.030973451327433628,32.48230088495575,
https://blog.aspose.com/tag/extract-7z-online/,6,591,0.01015228426395939,37.17258883248731,
https://blog.aspose.com/tag/remove-background-noise/,5,495,0.010101010101010102,6.551515151515152,
https://blog.aspose.com/tag/project-viewer-online/,4,141,0.028368794326241134,24.80851063829787,
https://blog.aspose.com/tag/convert-png-to-visio/,3,84,0.03571428571428571,7.119047619047619,
https://blog.aspose.com/tag/free-background-noise-removal/,2,139,0.014388489208633094,8.172661870503596,
https://blog.aspose.com/tag/mp3-noise-removal-online-free/,2,60,0.03333333333333333,6.533333333333333,
https://blog.aspose.com/tag/python-library-to-parse-pst-files/,2,58,0.034482758620689655,13.03448275862069,
https://blog.aspose.com/aspose.blog/page/3/,1,61,0.01639344262295082,1.0,
https://blog.aspose.com/diagram/aspose.diagram-java-for-php-examples-%E2%80%93-dealing-with-microsoft-visio-documents-using-powerful-java-api/,1,40,0.025,8.8,
https://blog.aspose.com/page/2/,1,52,0.019230769230769232,3.5576923076923075,
https://blog.aspose.com/pub/convert-to-powerpoint/,1,76,0.013157894736842105,1.6052631578947367,
https://blog.aspose.com/tag/background-noise-remover/,1,78,0.01282051282051282,7.166666666666667,
https://blog.aspose.com/tag/best-arabic-ocr-online/,1,25,0.04,45.64,
https://blog.aspose.com/tag/convert-rar-to-pdf/,1,53,0.018867924528301886,55.264150943396224,
https://blog.aspose.com/tag/create-latex-table-online/,1,31,0.03225806451612903,53.935483870967744,
https://blog.aspose.com/tag/doctor-handwriting-reader-online/,1,84,0.011904761904761904,44.32142857142857,
https://blog.aspose.com/tag/edit-excel-files-online/,1,51,0.0196078431372549,87.45098039215686,
https://blog.aspose.com/tag/eot2ttf/,1,29,0.034482758620689655,8.0,
https://blog.aspose.com/tag/fancy-text-fonts/,1,37,0.02702702702702703,9.864864864864865,
https://blog.aspose.com/tag/free-vectorizer-online/,1,35,0.02857142857142857,64.57142857142857,
https://blog.aspose.com/tag/how-to-open-.pub-files-without-microsoft-publisher/,1,87,0.011494252873563218,43.0,
https://blog.aspose.com/tag/mpp-online-reader/,1,58,0.017241379310344827,36.94827586206897,
https://blog.aspose.com/tag/mpp-viewer-online-free/,1,71,0.014084507042253521,60.80281690140845,
https://blog.aspose.com/tag/noise-removal-online/,1,49,0.02040816326530612,8.081632653061224,
https://blog.aspose.com/tag/online-ruler-cm/,1,53,0.018867924528301886,47.35849056603774,
https://blog.aspose.com/tag/open-mpp-file-in-excel-online/,1,49,0.02040816326530612,70.63265306122449,
https://blog.aspose.com/tag/pub-viewer-online/,1,59,0.01694915254237288,21.88135593220339,
https://blog.aspose.com/tag/rar-password-recovery-tool/,1,25,0.04,6.68,
https://blog.aspose.com/tag/rar-password-unlocker/,1,27,0.037037037037037035,7.851851851851852,
https://blog.aspose.com/tag/visio-to-word/,1,33,0.030303030303030304,55.0,
https://blog.aspose.com/tag/vsd-file-editor-online/,1,82,0.012195121951219513,23.475609756097562,
